{
  "variant": {
    "id": "SevenCardStud",
    "label": "Seven-Card Stud",
    "deck": "Standard52",
    "board": "Community0",
    "betting": "FixedLimit",
    "seats": {
      "min": 2,
      "max": 8
    },
    "actions": [
      "bet",
      "call",
      "fold",
      "raise",
      "allin"
    ],
    "holeCards": 0,
    "communityCards": 0,
    "timers": 3,
    "phases": [
      {
        "id": "setup",
        "label": "Setup",
        "kind": "Setup",
        "transitions": [
          "deal_3"
        ]
      },
      {
        "id": "deal_3",
        "label": "Deal 2 down, 1 up",
        "kind": "Deal",
        "deal": {
          "holePerPlayer": 0,
          "burn": 0
        },
        "transitions": [
          "bringin_bet"
        ]
      },
      {
        "id": "bringin_bet",
        "label": "Bring-in Betting",
        "kind": "Betting",
        "actions": [
          "bet",
          "call",
          "fold",
          "raise",
          "allin"
        ],
        "timers": [
          "Turn",
          "Street"
        ],
        "transitions": [
          "4th_street"
        ]
      },
      {
        "id": "4th_street",
        "label": "Deal one up",
        "kind": "Deal",
        "deal": {
          "holePerPlayer": 0
        },
        "transitions": [
          "bet_4th"
        ]
      },
      {
        "id": "bet_4th",
        "label": "4th Street Betting",
        "kind": "Betting",
        "actions": [
          "bet",
          "call",
          "fold",
          "raise",
          "allin"
        ],
        "transitions": [
          "5th_street"
        ]
      },
      {
        "id": "5th_street",
        "label": "Deal one up",
        "kind": "Deal",
        "deal": {
          "holePerPlayer": 0
        },
        "transitions": [
          "bet_5th"
        ]
      },
      {
        "id": "bet_5th",
        "label": "5th Street Betting",
        "kind": "Betting",
        "actions": [
          "bet",
          "call",
          "fold",
          "raise",
          "allin"
        ],
        "transitions": [
          "6th_street"
        ]
      },
      {
        "id": "6th_street",
        "label": "Deal one up",
        "kind": "Deal",
        "deal": {
          "holePerPlayer": 0
        },
        "transitions": [
          "bet_6th"
        ]
      },
      {
        "id": "bet_6th",
        "label": "6th Street Betting",
        "kind": "Betting",
        "actions": [
          "bet",
          "call",
          "fold",
          "raise",
          "allin"
        ],
        "transitions": [
          "river"
        ]
      },
      {
        "id": "river",
        "label": "Deal 7th card down",
        "kind": "Deal",
        "deal": {
          "holePerPlayer": 0
        },
        "transitions": [
          "final_bet"
        ]
      },
      {
        "id": "final_bet",
        "label": "Final Betting",
        "kind": "Betting",
        "actions": [
          "bet",
          "call",
          "fold",
          "raise",
          "allin"
        ],
        "timers": [
          "Turn",
          "Street",
          "Match"
        ],
        "transitions": [
          "showdown"
        ]
      },
      {
        "id": "showdown",
        "label": "Showdown",
        "kind": "Showdown",
        "transitions": [
          "cleanup"
        ]
      },
      {
        "id": "cleanup",
        "label": "Cleanup",
        "kind": "Cleanup"
      }
    ],
    "notes": "Stud dealing specifics (down/up) handled by engine using per-player visibility, not community board."
  }
}
