{
  "variant": {
    "id": "Anaconda",
    "label": "Anaconda (Passing Seven\u2011Card)",
    "deck": "Standard52",
    "board": "Community0",
    "betting": "PotLimit",
    "seats": {
      "min": 3,
      "max": 8
    },
    "actions": [
      "bet",
      "call",
      "fold",
      "raise_x2",
      "raise_x3",
      "pass"
    ],
    "holeCards": 7,
    "communityCards": 0,
    "timers": 3,
    "notes": "Players pass three cards left, two cards right, and one card left before betting."
  }
}