{
  "decks": [
    {
      "id": "Standard52",
      "label": "Standard 52-card deck",
      "ranks": ["2","3","4","5","6","7","8","9","T","J","Q","K","A"],
      "suits": ["c","d","h","s"],
      "jokers": 0
    },
    {
      "id": "Standard54",
      "label": "Standard deck with Jokers",
      "ranks": ["2","3","4","5","6","7","8","9","T","J","Q","K","A"],
      "suits": ["c","d","h","s"],
      "jokers": 2
    },
    {
      "id": "ShortDeck36",
      "label": "Short Deck (36 cards)",
      "ranks": ["6","7","8","9","T","J","Q","K","A"],
      "suits": ["c","d","h","s"],
      "jokers": 0
    }
  ]
}