{
  "variant": {
    "id": "NoLimitTexasHoldem",
    "label": "No Limit Texas Hold'em (v2)",
    "deck": "Standard52",
    "board": "Community5",
    "betting": "NoLimit",
    "seats": {
      "min": 2,
      "max": 10
    },
    "actions": [
      "check",
      "bet",
      "call",
      "fold",
      "allin",
      "raise",
      "raise_x2",
      "raise_x3",
      "raise_x4"
    ],
    "holeCards": 2,
    "communityCards": 5,
    "timers": 3,
    "phases": [
      {
        "id": "setup",
        "label": "Setup",
        "kind": "Setup",
        "actions": [],
        "transitions": [
          "deal_hole"
        ]
      },
      {
        "id": "deal_hole",
        "label": "Deal Hole",
        "kind": "Deal",
        "deal": {
          "holePerPlayer": 2,
          "burn": 0
        },
        "actions": [],
        "transitions": [
          "preflop_bet"
        ]
      },
      {
        "id": "preflop_bet",
        "label": "Preflop",
        "kind": "Betting",
        "actions": [
          "check",
          "bet",
          "call",
          "fold",
          "raise",
          "allin"
        ],
        "timers": [
          "Turn",
          "Street"
        ],
        "transitions": [
          "flop_reveal"
        ]
      },
      {
        "id": "flop_reveal",
        "label": "Flop Reveal",
        "kind": "Reveal",
        "boardReveal": 3,
        "actions": [],
        "transitions": [
          "flop_bet"
        ]
      },
      {
        "id": "flop_bet",
        "label": "Flop",
        "kind": "Betting",
        "actions": [
          "check",
          "bet",
          "call",
          "fold",
          "raise",
          "allin"
        ],
        "timers": [
          "Turn",
          "Street"
        ],
        "transitions": [
          "turn_reveal"
        ]
      },
      {
        "id": "turn_reveal",
        "label": "Turn Reveal",
        "kind": "Reveal",
        "boardReveal": 1,
        "actions": [],
        "transitions": [
          "turn_bet"
        ]
      },
      {
        "id": "turn_bet",
        "label": "Turn",
        "kind": "Betting",
        "actions": [
          "check",
          "bet",
          "call",
          "fold",
          "raise",
          "allin"
        ],
        "timers": [
          "Turn",
          "Street"
        ],
        "transitions": [
          "river_reveal"
        ]
      },
      {
        "id": "river_reveal",
        "label": "River Reveal",
        "kind": "Reveal",
        "boardReveal": 1,
        "actions": [],
        "transitions": [
          "river_bet"
        ]
      },
      {
        "id": "river_bet",
        "label": "River",
        "kind": "Betting",
        "actions": [
          "check",
          "bet",
          "call",
          "fold",
          "raise",
          "allin"
        ],
        "timers": [
          "Turn",
          "Street",
          "Match"
        ],
        "transitions": [
          "showdown"
        ]
      },
      {
        "id": "showdown",
        "label": "Showdown",
        "kind": "Showdown",
        "actions": [],
        "transitions": [
          "cleanup"
        ]
      },
      {
        "id": "cleanup",
        "label": "Cleanup",
        "kind": "Cleanup",
        "actions": [],
        "transitions": []
      }
    ]
  }
}