{"BeeBuildProgramCommon.Data.ConfigurationData":{"Il2CppDir":"C:\\Program Files\\Unity\\Hub\\Editor\\2022.3.0f1\\Editor\\Data\\il2cpp","UnityLinkerPath":"C:\\Program Files\\Unity\\Hub\\Editor\\2022.3.0f1\\Editor\\Data\\il2cpp/build/deploy/UnityLinker.exe","Il2CppPath":"C:\\Program Files\\Unity\\Hub\\Editor\\2022.3.0f1\\Editor\\Data\\il2cpp/build/deploy/il2cpp.exe","NetCoreRunPath":"C:/Program Files/Unity/Hub/Editor/2022.3.0f1/Editor/Data\\Tools\\netcorerun\\netcorerun.exe","DotNetExe":"C:/Program Files/Unity/Hub/Editor/2022.3.0f1/Editor/Data/NetCoreRuntime/dotnet.exe","EditorContentsPath":"C:/Program Files/Unity/Hub/Editor/2022.3.0f1/Editor/Data","Packages":[{"Name":"com.unity.modules.jsonserialize","ResolvedPath":"Library/PackageCache/com.unity.modules.jsonserialize@1.0.0"},{"Name":"com.unity.modules.unitywebrequest","ResolvedPath":"Library/PackageCache/com.unity.modules.unitywebrequest@1.0.0"}],"UnityVersion":"2022.3.0f1","UnityVersionNumeric":{"Release":2022,"Major":3,"Minor":0},"AdvancedLicense":false,"Batchmode":false,"EmitDataForBeeWhy":false,"NamedPipeOrUnixSocket":"unity-ilpp-53e23f29fec0be64ea2eef6c0f9cfbac"},"ScriptCompilationBuildProgram.Data.ScriptCompilationData":{"Assemblies":[{"Name":"Assembly-CSharp","SourceFiles":["Assets/Scripts/Bootstrap/OlympusBootstrap.cs","Assets/Scripts/Core/Deck/ApolloRng.cs","Assets/Scripts/Core/Deck/DeckBuilder.cs","Assets/Scripts/Core/Domain/Card.cs","Assets/Scripts/Core/Domain/HandRank.cs","Assets/Scripts/Core/Domain/Rank.cs","Assets/Scripts/Core/Domain/Suit.cs","Assets/Scripts/Core/Eval/EquityCalculator.cs","Assets/Scripts/Core/Eval/HandEvaluator.cs","Assets/Scripts/Core/Eval/HandEvaluatorExtensions.cs","Assets/Scripts/Demigods/DemigodUIBridge.cs","Assets/Scripts/Gods/Apollo.cs","Assets/Scripts/Gods/Athena.cs","Assets/Scripts/Gods/Hermes.cs","Assets/Scripts/Gods/Zeus.cs","Assets/Scripts/Libraries/LibraryLoader.cs","Assets/Scripts/Libraries/LibraryLoaderV2.cs","Assets/Scripts/Libraries/Schemas.cs","Assets/Scripts/Libraries/VariantV2.cs","Assets/Scripts/Libraries/VariantValidator.cs","Assets/Scripts/Muses/MuseOfGameplay.cs","Assets/Scripts/Platform/IPlatformAdapter.cs","Assets/Scripts/Platform/PokerKit/PokerKitClient.cs","Assets/Scripts/Services/TimerService.cs"],"Defines":["UNITY_2022_3_0","UNITY_2022_3","UNITY_2022","UNITY_5_3_OR_NEWER","UNITY_5_4_OR_NEWER","UNITY_5_5_OR_NEWER","UNITY_5_6_OR_NEWER","UNITY_2017_1_OR_NEWER","UNITY_2017_2_OR_NEWER","UNITY_2017_3_OR_NEWER","UNITY_2017_4_OR_NEWER","UNITY_2018_1_OR_NEWER","UNITY_2018_2_OR_NEWER","UNITY_2018_3_OR_NEWER","UNITY_2018_4_OR_NEWER","UNITY_2019_1_OR_NEWER","UNITY_2019_2_OR_NEWER","UNITY_2019_3_OR_NEWER","UNITY_2019_4_OR_NEWER","UNITY_2020_1_OR_NEWER","UNITY_2020_2_OR_NEWER","UNITY_2020_3_OR_NEWER","UNITY_2021_1_OR_NEWER","UNITY_2021_2_OR_NEWER","UNITY_2021_3_OR_NEWER","UNITY_2022_1_OR_NEWER","UNITY_2022_2_OR_NEWER","UNITY_2022_3_OR_NEWER","PLATFORM_ARCH_64","UNITY_64","UNITY_INCLUDE_TESTS","ENABLE_AR","ENABLE_AUDIO","ENABLE_CACHING","ENABLE_CLOTH","ENABLE_EVENT_QUEUE","ENABLE_MICROPHONE","ENABLE_MULTIPLE_DISPLAYS","ENABLE_PHYSICS","ENABLE_TEXTURE_STREAMING","ENABLE_VIRTUALTEXTURING","ENABLE_LZMA","ENABLE_UNITYEVENTS","ENABLE_VR","ENABLE_WEBCAM","ENABLE_UNITYWEBREQUEST","ENABLE_WWW","ENABLE_CLOUD_SERVICES","ENABLE_CLOUD_SERVICES_COLLAB","ENABLE_CLOUD_SERVICES_COLLAB_SOFTLOCKS","ENABLE_CLOUD_SERVICES_ADS","ENABLE_CLOUD_SERVICES_USE_WEBREQUEST","ENABLE_CLOUD_SERVICES_CRASH_REPORTING","ENABLE_CLOUD_SERVICES_PURCHASING","ENABLE_CLOUD_SERVICES_ANALYTICS","ENABLE_CLOUD_SERVICES_BUILD","ENABLE_EDITOR_GAME_SERVICES","ENABLE_UNITY_GAME_SERVICES_ANALYTICS_SUPPORT","ENABLE_CLOUD_LICENSE","ENABLE_EDITOR_HUB_LICENSE","ENABLE_WEBSOCKET_CLIENT","ENABLE_GENERATE_NATIVE_PLUGINS_FOR_ASSEMBLIES_API","ENABLE_DIRECTOR_AUDIO","ENABLE_DIRECTOR_TEXTURE","ENABLE_MANAGED_JOBS","ENABLE_MANAGED_TRANSFORM_JOBS","ENABLE_MANAGED_ANIMATION_JOBS","ENABLE_MANAGED_AUDIO_JOBS","ENABLE_MANAGED_UNITYTLS","INCLUDE_DYNAMIC_GI","ENABLE_SCRIPTING_GC_WBARRIERS","PLATFORM_SUPPORTS_MONO","RENDER_SOFTWARE_CURSOR","ENABLE_VIDEO","ENABLE_ACCELERATOR_CLIENT_DEBUGGING","ENABLE_NAVIGATION_PACKAGE_DEBUG_VISUALIZATION","ENABLE_NAVIGATION_HEIGHTMESH_RUNTIME_SUPPORT","ENABLE_NAVIGATION_UI_REQUIRES_PACKAGE","PLATFORM_STANDALONE","TEXTCORE_1_0_OR_NEWER","PLATFORM_STANDALONE_WIN","UNITY_STANDALONE_WIN","UNITY_STANDALONE","ENABLE_RUNTIME_GI","ENABLE_MOVIES","ENABLE_NETWORK","ENABLE_NVIDIA","ENABLE_CRUNCH_TEXTURE_COMPRESSION","ENABLE_OUT_OF_PROCESS_CRASH_HANDLER","ENABLE_CLUSTER_SYNC","ENABLE_CLUSTERINPUT","PLATFORM_UPDATES_TIME_OUTSIDE_OF_PLAYER_LOOP","GFXDEVICE_WAITFOREVENT_MESSAGEPUMP","PLATFORM_INITIALIZES_MEMORY_MANAGER_EXPLICITLY","ENABLE_MONO","NET_STANDARD_2_0","NET_STANDARD","NET_STANDARD_2_1","NETSTANDARD","NETSTANDARD2_1","ENABLE_PROFILER","DEBUG","TRACE","UNITY_ASSERTIONS","UNITY_EDITOR","UNITY_EDITOR_64","UNITY_EDITOR_WIN","ENABLE_UNITY_COLLECTIONS_CHECKS","ENABLE_BURST_AOT","UNITY_TEAM_LICENSE","ENABLE_CUSTOM_RENDER_TEXTURE","ENABLE_DIRECTOR","ENABLE_LOCALIZATION","ENABLE_SPRITES","ENABLE_TERRAIN","ENABLE_TILEMAP","ENABLE_TIMELINE","ENABLE_LEGACY_INPUT_MANAGER","TEXTCORE_FONT_ENGINE_1_5_OR_NEWER","CSHARP_7_OR_LATER","CSHARP_7_3_OR_NEWER"],"PrebuiltReferences":["C:\\Program Files\\Unity\\Hub\\Editor\\2022.3.0f1\\Editor\\Data\\Managed/UnityEngine/UnityEngine.dll","C:\\Program Files\\Unity\\Hub\\Editor\\2022.3.0f1\\Editor\\Data\\Managed/UnityEngine/UnityEngine.ARModule.dll","C:\\Program Files\\Unity\\Hub\\Editor\\2022.3.0f1\\Editor\\Data\\Managed/UnityEngine/UnityEngine.AccessibilityModule.dll","C:\\Program Files\\Unity\\Hub\\Editor\\2022.3.0f1\\Editor\\Data\\Managed/UnityEngine/UnityEngine.ClusterInputModule.dll","C:\\Program Files\\Unity\\Hub\\Editor\\2022.3.0f1\\Editor\\Data\\Managed/UnityEngine/UnityEngine.ClusterRendererModule.dll","C:\\Program Files\\Unity\\Hub\\Editor\\2022.3.0f1\\Editor\\Data\\Managed/UnityEngine/UnityEngine.ContentLoadModule.dll","C:\\Program Files\\Unity\\Hub\\Editor\\2022.3.0f1\\Editor\\Data\\Managed/UnityEngine/UnityEngine.CoreModule.dll","C:\\Program Files\\Unity\\Hub\\Editor\\2022.3.0f1\\Editor\\Data\\Managed/UnityEngine/UnityEngine.CrashReportingModule.dll","C:\\Program Files\\Unity\\Hub\\Editor\\2022.3.0f1\\Editor\\Data\\Managed/UnityEngine/UnityEngine.DSPGraphModule.dll","C:\\Program Files\\Unity\\Hub\\Editor\\2022.3.0f1\\Editor\\Data\\Managed/UnityEngine/UnityEngine.GIModule.dll","C:\\Program Files\\Unity\\Hub\\Editor\\2022.3.0f1\\Editor\\Data\\Managed/UnityEngine/UnityEngine.GameCenterModule.dll","C:\\Program Files\\Unity\\Hub\\Editor\\2022.3.0f1\\Editor\\Data\\Managed/UnityEngine/UnityEngine.GridModule.dll","C:\\Program Files\\Unity\\Hub\\Editor\\2022.3.0f1\\Editor\\Data\\Managed/UnityEngine/UnityEngine.HotReloadModule.dll","C:\\Program Files\\Unity\\Hub\\Editor\\2022.3.0f1\\Editor\\Data\\Managed/UnityEngine/UnityEngine.InputModule.dll","C:\\Program Files\\Unity\\Hub\\Editor\\2022.3.0f1\\Editor\\Data\\Managed/UnityEngine/UnityEngine.InputLegacyModule.dll","C:\\Program Files\\Unity\\Hub\\Editor\\2022.3.0f1\\Editor\\Data\\Managed/UnityEngine/UnityEngine.JSONSerializeModule.dll","C:\\Program Files\\Unity\\Hub\\Editor\\2022.3.0f1\\Editor\\Data\\Managed/UnityEngine/UnityEngine.LocalizationModule.dll","C:\\Program Files\\Unity\\Hub\\Editor\\2022.3.0f1\\Editor\\Data\\Managed/UnityEngine/UnityEngine.PerformanceReportingModule.dll","C:\\Program Files\\Unity\\Hub\\Editor\\2022.3.0f1\\Editor\\Data\\Managed/UnityEngine/UnityEngine.ProfilerModule.dll","C:\\Program Files\\Unity\\Hub\\Editor\\2022.3.0f1\\Editor\\Data\\Managed/UnityEngine/UnityEngine.PropertiesModule.dll","C:\\Program Files\\Unity\\Hub\\Editor\\2022.3.0f1\\Editor\\Data\\Managed/UnityEngine/UnityEngine.RuntimeInitializeOnLoadManagerInitializerModule.dll","C:\\Program Files\\Unity\\Hub\\Editor\\2022.3.0f1\\Editor\\Data\\Managed/UnityEngine/UnityEngine.SharedInternalsModule.dll","C:\\Program Files\\Unity\\Hub\\Editor\\2022.3.0f1\\Editor\\Data\\Managed/UnityEngine/UnityEngine.SpriteMaskModule.dll","C:\\Program Files\\Unity\\Hub\\Editor\\2022.3.0f1\\Editor\\Data\\Managed/UnityEngine/UnityEngine.SpriteShapeModule.dll","C:\\Program Files\\Unity\\Hub\\Editor\\2022.3.0f1\\Editor\\Data\\Managed/UnityEngine/UnityEngine.StreamingModule.dll","C:\\Program Files\\Unity\\Hub\\Editor\\2022.3.0f1\\Editor\\Data\\Managed/UnityEngine/UnityEngine.SubstanceModule.dll","C:\\Program Files\\Unity\\Hub\\Editor\\2022.3.0f1\\Editor\\Data\\Managed/UnityEngine/UnityEngine.TLSModule.dll","C:\\Program Files\\Unity\\Hub\\Editor\\2022.3.0f1\\Editor\\Data\\Managed/UnityEngine/UnityEngine.TextCoreFontEngineModule.dll","C:\\Program Files\\Unity\\Hub\\Editor\\2022.3.0f1\\Editor\\Data\\Managed/UnityEngine/UnityEngine.TextCoreTextEngineModule.dll","C:\\Program Files\\Unity\\Hub\\Editor\\2022.3.0f1\\Editor\\Data\\Managed/UnityEngine/UnityEngine.TextRenderingModule.dll","C:\\Program Files\\Unity\\Hub\\Editor\\2022.3.0f1\\Editor\\Data\\Managed/UnityEngine/UnityEngine.UnityAnalyticsCommonModule.dll","C:\\Program Files\\Unity\\Hub\\Editor\\2022.3.0f1\\Editor\\Data\\Managed/UnityEngine/UnityEngine.UnityConnectModule.dll","C:\\Program Files\\Unity\\Hub\\Editor\\2022.3.0f1\\Editor\\Data\\Managed/UnityEngine/UnityEngine.UnityCurlModule.dll","C:\\Program Files\\Unity\\Hub\\Editor\\2022.3.0f1\\Editor\\Data\\Managed/UnityEngine/UnityEngine.UnityTestProtocolModule.dll","C:\\Program Files\\Unity\\Hub\\Editor\\2022.3.0f1\\Editor\\Data\\Managed/UnityEngine/UnityEngine.UnityWebRequestModule.dll","C:\\Program Files\\Unity\\Hub\\Editor\\2022.3.0f1\\Editor\\Data\\Managed/UnityEngine/UnityEngine.VFXModule.dll","C:\\Program Files\\Unity\\Hub\\Editor\\2022.3.0f1\\Editor\\Data\\Managed/UnityEngine/UnityEngine.VirtualTexturingModule.dll","C:\\Program Files\\Unity\\Hub\\Editor\\2022.3.0f1\\Editor\\Data\\Managed/UnityEngine/UnityEditor.dll","C:\\Program Files\\Unity\\Hub\\Editor\\2022.3.0f1\\Editor\\Data\\Managed/UnityEngine/UnityEditor.CoreModule.dll","C:\\Program Files\\Unity\\Hub\\Editor\\2022.3.0f1\\Editor\\Data\\Managed/UnityEngine/UnityEditor.DeviceSimulatorModule.dll","C:\\Program Files\\Unity\\Hub\\Editor\\2022.3.0f1\\Editor\\Data\\Managed/UnityEngine/UnityEditor.DiagnosticsModule.dll","C:\\Program Files\\Unity\\Hub\\Editor\\2022.3.0f1\\Editor\\Data\\Managed/UnityEngine/UnityEditor.EditorToolbarModule.dll","C:\\Program Files\\Unity\\Hub\\Editor\\2022.3.0f1\\Editor\\Data\\Managed/UnityEngine/UnityEditor.GraphViewModule.dll","C:\\Program Files\\Unity\\Hub\\Editor\\2022.3.0f1\\Editor\\Data\\Managed/UnityEngine/UnityEditor.PresetsUIModule.dll","C:\\Program Files\\Unity\\Hub\\Editor\\2022.3.0f1\\Editor\\Data\\Managed/UnityEngine/UnityEditor.QuickSearchModule.dll","C:\\Program Files\\Unity\\Hub\\Editor\\2022.3.0f1\\Editor\\Data\\Managed/UnityEngine/UnityEditor.SceneTemplateModule.dll","C:\\Program Files\\Unity\\Hub\\Editor\\2022.3.0f1\\Editor\\Data\\Managed/UnityEngine/UnityEditor.SceneViewModule.dll","C:\\Program Files\\Unity\\Hub\\Editor\\2022.3.0f1\\Editor\\Data\\Managed/UnityEngine/UnityEditor.TextCoreFontEngineModule.dll","C:\\Program Files\\Unity\\Hub\\Editor\\2022.3.0f1\\Editor\\Data\\Managed/UnityEngine/UnityEditor.TextCoreTextEngineModule.dll","C:\\Program Files\\Unity\\Hub\\Editor\\2022.3.0f1\\Editor\\Data\\Managed/UnityEngine/UnityEditor.UIBuilderModule.dll","C:\\Program Files\\Unity\\Hub\\Editor\\2022.3.0f1\\Editor\\Data\\Managed/UnityEngine/UnityEditor.UIElementsModule.dll","C:\\Program Files\\Unity\\Hub\\Editor\\2022.3.0f1\\Editor\\Data\\Managed/UnityEngine/UnityEditor.UIElementsSamplesModule.dll","C:\\Program Files\\Unity\\Hub\\Editor\\2022.3.0f1\\Editor\\Data\\Managed/UnityEngine/UnityEditor.UnityConnectModule.dll","C:/Program Files/Unity/Hub/Editor/2022.3.0f1/Editor/Data/PlaybackEngines/iOSSupport\\UnityEditor.iOS.Extensions.Xcode.dll","C:/Program Files/Unity/Hub/Editor/2022.3.0f1/Editor/Data/PlaybackEngines/iOSSupport\\UnityEditor.iOS.Extensions.Common.dll","C:/Program Files/Unity/Hub/Editor/2022.3.0f1/Editor/Data/PlaybackEngines/AndroidPlayer\\Unity.Android.Types.dll","C:/Program Files/Unity/Hub/Editor/2022.3.0f1/Editor/Data/PlaybackEngines/AndroidPlayer\\Unity.Android.Gradle.dll","C:/Program Files/Unity/Hub/Editor/2022.3.0f1/Editor/Data/PlaybackEngines/AndroidPlayer\\Unity.Android.GradleProject.dll","C:\\Program Files\\Unity\\Hub\\Editor\\2022.3.0f1\\Editor\\Data\\NetStandard\\ref\\2.1.0\\netstandard.dll","C:\\Program Files\\Unity\\Hub\\Editor\\2022.3.0f1\\Editor\\Data\\NetStandard\\compat\\2.1.0\\shims\\netstandard\\Microsoft.Win32.Primitives.dll","C:\\Program Files\\Unity\\Hub\\Editor\\2022.3.0f1\\Editor\\Data\\NetStandard\\compat\\2.1.0\\shims\\netstandard\\System.AppContext.dll","C:\\Program Files\\Unity\\Hub\\Editor\\2022.3.0f1\\Editor\\Data\\NetStandard\\compat\\2.1.0\\shims\\netstandard\\System.Buffers.dll","C:\\Program Files\\Unity\\Hub\\Editor\\2022.3.0f1\\Editor\\Data\\NetStandard\\compat\\2.1.0\\shims\\netstandard\\System.Collections.Concurrent.dll","C:\\Program Files\\Unity\\Hub\\Editor\\2022.3.0f1\\Editor\\Data\\NetStandard\\compat\\2.1.0\\shims\\netstandard\\System.Collections.dll","C:\\Program Files\\Unity\\Hub\\Editor\\2022.3.0f1\\Editor\\Data\\NetStandard\\compat\\2.1.0\\shims\\netstandard\\System.Collections.NonGeneric.dll","C:\\Program Files\\Unity\\Hub\\Editor\\2022.3.0f1\\Editor\\Data\\NetStandard\\compat\\2.1.0\\shims\\netstandard\\System.Collections.Specialized.dll","C:\\Program Files\\Unity\\Hub\\Editor\\2022.3.0f1\\Editor\\Data\\NetStandard\\compat\\2.1.0\\shims\\netstandard\\System.ComponentModel.dll","C:\\Program Files\\Unity\\Hub\\Editor\\2022.3.0f1\\Editor\\Data\\NetStandard\\compat\\2.1.0\\shims\\netstandard\\System.ComponentModel.EventBasedAsync.dll","C:\\Program Files\\Unity\\Hub\\Editor\\2022.3.0f1\\Editor\\Data\\NetStandard\\compat\\2.1.0\\shims\\netstandard\\System.ComponentModel.Primitives.dll","C:\\Program Files\\Unity\\Hub\\Editor\\2022.3.0f1\\Editor\\Data\\NetStandard\\compat\\2.1.0\\shims\\netstandard\\System.ComponentModel.TypeConverter.dll","C:\\Program Files\\Unity\\Hub\\Editor\\2022.3.0f1\\Editor\\Data\\NetStandard\\compat\\2.1.0\\shims\\netstandard\\System.Console.dll","C:\\Program Files\\Unity\\Hub\\Editor\\2022.3.0f1\\Editor\\Data\\NetStandard\\compat\\2.1.0\\shims\\netstandard\\System.Data.Common.dll","C:\\Program Files\\Unity\\Hub\\Editor\\2022.3.0f1\\Editor\\Data\\NetStandard\\compat\\2.1.0\\shims\\netstandard\\System.Diagnostics.Contracts.dll","C:\\Program Files\\Unity\\Hub\\Editor\\2022.3.0f1\\Editor\\Data\\NetStandard\\compat\\2.1.0\\shims\\netstandard\\System.Diagnostics.Debug.dll","C:\\Program Files\\Unity\\Hub\\Editor\\2022.3.0f1\\Editor\\Data\\NetStandard\\compat\\2.1.0\\shims\\netstandard\\System.Diagnostics.FileVersionInfo.dll","C:\\Program Files\\Unity\\Hub\\Editor\\2022.3.0f1\\Editor\\Data\\NetStandard\\compat\\2.1.0\\shims\\netstandard\\System.Diagnostics.Process.dll","C:\\Program Files\\Unity\\Hub\\Editor\\2022.3.0f1\\Editor\\Data\\NetStandard\\compat\\2.1.0\\shims\\netstandard\\System.Diagnostics.StackTrace.dll","C:\\Program Files\\Unity\\Hub\\Editor\\2022.3.0f1\\Editor\\Data\\NetStandard\\compat\\2.1.0\\shims\\netstandard\\System.Diagnostics.TextWriterTraceListener.dll","C:\\Program Files\\Unity\\Hub\\Editor\\2022.3.0f1\\Editor\\Data\\NetStandard\\compat\\2.1.0\\shims\\netstandard\\System.Diagnostics.Tools.dll","C:\\Program Files\\Unity\\Hub\\Editor\\2022.3.0f1\\Editor\\Data\\NetStandard\\compat\\2.1.0\\shims\\netstandard\\System.Diagnostics.TraceSource.dll","C:\\Program Files\\Unity\\Hub\\Editor\\2022.3.0f1\\Editor\\Data\\NetStandard\\compat\\2.1.0\\shims\\netstandard\\System.Diagnostics.Tracing.dll","C:\\Program Files\\Unity\\Hub\\Editor\\2022.3.0f1\\Editor\\Data\\NetStandard\\compat\\2.1.0\\shims\\netstandard\\System.Drawing.Primitives.dll","C:\\Program Files\\Unity\\Hub\\Editor\\2022.3.0f1\\Editor\\Data\\NetStandard\\compat\\2.1.0\\shims\\netstandard\\System.Dynamic.Runtime.dll","C:\\Program Files\\Unity\\Hub\\Editor\\2022.3.0f1\\Editor\\Data\\NetStandard\\compat\\2.1.0\\shims\\netstandard\\System.Globalization.Calendars.dll","C:\\Program Files\\Unity\\Hub\\Editor\\2022.3.0f1\\Editor\\Data\\NetStandard\\compat\\2.1.0\\shims\\netstandard\\System.Globalization.dll","C:\\Program Files\\Unity\\Hub\\Editor\\2022.3.0f1\\Editor\\Data\\NetStandard\\compat\\2.1.0\\shims\\netstandard\\System.Globalization.Extensions.dll","C:\\Program Files\\Unity\\Hub\\Editor\\2022.3.0f1\\Editor\\Data\\NetStandard\\compat\\2.1.0\\shims\\netstandard\\System.IO.Compression.dll","C:\\Program Files\\Unity\\Hub\\Editor\\2022.3.0f1\\Editor\\Data\\NetStandard\\compat\\2.1.0\\shims\\netstandard\\System.IO.Compression.ZipFile.dll","C:\\Program Files\\Unity\\Hub\\Editor\\2022.3.0f1\\Editor\\Data\\NetStandard\\compat\\2.1.0\\shims\\netstandard\\System.IO.dll","C:\\Program Files\\Unity\\Hub\\Editor\\2022.3.0f1\\Editor\\Data\\NetStandard\\compat\\2.1.0\\shims\\netstandard\\System.IO.FileSystem.dll","C:\\Program Files\\Unity\\Hub\\Editor\\2022.3.0f1\\Editor\\Data\\NetStandard\\compat\\2.1.0\\shims\\netstandard\\System.IO.FileSystem.DriveInfo.dll","C:\\Program Files\\Unity\\Hub\\Editor\\2022.3.0f1\\Editor\\Data\\NetStandard\\compat\\2.1.0\\shims\\netstandard\\System.IO.FileSystem.Primitives.dll","C:\\Program Files\\Unity\\Hub\\Editor\\2022.3.0f1\\Editor\\Data\\NetStandard\\compat\\2.1.0\\shims\\netstandard\\System.IO.FileSystem.Watcher.dll","C:\\Program Files\\Unity\\Hub\\Editor\\2022.3.0f1\\Editor\\Data\\NetStandard\\compat\\2.1.0\\shims\\netstandard\\System.IO.IsolatedStorage.dll","C:\\Program Files\\Unity\\Hub\\Editor\\2022.3.0f1\\Editor\\Data\\NetStandard\\compat\\2.1.0\\shims\\netstandard\\System.IO.MemoryMappedFiles.dll","C:\\Program Files\\Unity\\Hub\\Editor\\2022.3.0f1\\Editor\\Data\\NetStandard\\compat\\2.1.0\\shims\\netstandard\\System.IO.Pipes.dll","C:\\Program Files\\Unity\\Hub\\Editor\\2022.3.0f1\\Editor\\Data\\NetStandard\\compat\\2.1.0\\shims\\netstandard\\System.IO.UnmanagedMemoryStream.dll","C:\\Program Files\\Unity\\Hub\\Editor\\2022.3.0f1\\Editor\\Data\\NetStandard\\compat\\2.1.0\\shims\\netstandard\\System.Linq.dll","C:\\Program Files\\Unity\\Hub\\Editor\\2022.3.0f1\\Editor\\Data\\NetStandard\\compat\\2.1.0\\shims\\netstandard\\System.Linq.Expressions.dll","C:\\Program Files\\Unity\\Hub\\Editor\\2022.3.0f1\\Editor\\Data\\NetStandard\\compat\\2.1.0\\shims\\netstandard\\System.Linq.Parallel.dll","C:\\Program Files\\Unity\\Hub\\Editor\\2022.3.0f1\\Editor\\Data\\NetStandard\\compat\\2.1.0\\shims\\netstandard\\System.Linq.Queryable.dll","C:\\Program Files\\Unity\\Hub\\Editor\\2022.3.0f1\\Editor\\Data\\NetStandard\\compat\\2.1.0\\shims\\netstandard\\System.Memory.dll","C:\\Program Files\\Unity\\Hub\\Editor\\2022.3.0f1\\Editor\\Data\\NetStandard\\compat\\2.1.0\\shims\\netstandard\\System.Net.Http.dll","C:\\Program Files\\Unity\\Hub\\Editor\\2022.3.0f1\\Editor\\Data\\NetStandard\\compat\\2.1.0\\shims\\netstandard\\System.Net.NameResolution.dll","C:\\Program Files\\Unity\\Hub\\Editor\\2022.3.0f1\\Editor\\Data\\NetStandard\\compat\\2.1.0\\shims\\netstandard\\System.Net.NetworkInformation.dll","C:\\Program Files\\Unity\\Hub\\Editor\\2022.3.0f1\\Editor\\Data\\NetStandard\\compat\\2.1.0\\shims\\netstandard\\System.Net.Ping.dll","C:\\Program Files\\Unity\\Hub\\Editor\\2022.3.0f1\\Editor\\Data\\NetStandard\\compat\\2.1.0\\shims\\netstandard\\System.Net.Primitives.dll","C:\\Program Files\\Unity\\Hub\\Editor\\2022.3.0f1\\Editor\\Data\\NetStandard\\compat\\2.1.0\\shims\\netstandard\\System.Net.Requests.dll","C:\\Program Files\\Unity\\Hub\\Editor\\2022.3.0f1\\Editor\\Data\\NetStandard\\compat\\2.1.0\\shims\\netstandard\\System.Net.Security.dll","C:\\Program Files\\Unity\\Hub\\Editor\\2022.3.0f1\\Editor\\Data\\NetStandard\\compat\\2.1.0\\shims\\netstandard\\System.Net.Sockets.dll","C:\\Program Files\\Unity\\Hub\\Editor\\2022.3.0f1\\Editor\\Data\\NetStandard\\compat\\2.1.0\\shims\\netstandard\\System.Net.WebHeaderCollection.dll","C:\\Program Files\\Unity\\Hub\\Editor\\2022.3.0f1\\Editor\\Data\\NetStandard\\compat\\2.1.0\\shims\\netstandard\\System.Net.WebSockets.Client.dll","C:\\Program Files\\Unity\\Hub\\Editor\\2022.3.0f1\\Editor\\Data\\NetStandard\\compat\\2.1.0\\shims\\netstandard\\System.Net.WebSockets.dll","C:\\Program Files\\Unity\\Hub\\Editor\\2022.3.0f1\\Editor\\Data\\NetStandard\\compat\\2.1.0\\shims\\netstandard\\System.Numerics.Vectors.dll","C:\\Program Files\\Unity\\Hub\\Editor\\2022.3.0f1\\Editor\\Data\\NetStandard\\compat\\2.1.0\\shims\\netstandard\\System.ObjectModel.dll","C:\\Program Files\\Unity\\Hub\\Editor\\2022.3.0f1\\Editor\\Data\\NetStandard\\compat\\2.1.0\\shims\\netstandard\\System.Reflection.DispatchProxy.dll","C:\\Program Files\\Unity\\Hub\\Editor\\2022.3.0f1\\Editor\\Data\\NetStandard\\compat\\2.1.0\\shims\\netstandard\\System.Reflection.dll","C:\\Program Files\\Unity\\Hub\\Editor\\2022.3.0f1\\Editor\\Data\\NetStandard\\compat\\2.1.0\\shims\\netstandard\\System.Reflection.Emit.dll","C:\\Program Files\\Unity\\Hub\\Editor\\2022.3.0f1\\Editor\\Data\\NetStandard\\compat\\2.1.0\\shims\\netstandard\\System.Reflection.Emit.ILGeneration.dll","C:\\Program Files\\Unity\\Hub\\Editor\\2022.3.0f1\\Editor\\Data\\NetStandard\\compat\\2.1.0\\shims\\netstandard\\System.Reflection.Emit.Lightweight.dll","C:\\Program Files\\Unity\\Hub\\Editor\\2022.3.0f1\\Editor\\Data\\NetStandard\\compat\\2.1.0\\shims\\netstandard\\System.Reflection.Extensions.dll","C:\\Program Files\\Unity\\Hub\\Editor\\2022.3.0f1\\Editor\\Data\\NetStandard\\compat\\2.1.0\\shims\\netstandard\\System.Reflection.Primitives.dll","C:\\Program Files\\Unity\\Hub\\Editor\\2022.3.0f1\\Editor\\Data\\NetStandard\\compat\\2.1.0\\shims\\netstandard\\System.Resources.Reader.dll","C:\\Program Files\\Unity\\Hub\\Editor\\2022.3.0f1\\Editor\\Data\\NetStandard\\compat\\2.1.0\\shims\\netstandard\\System.Resources.ResourceManager.dll","C:\\Program Files\\Unity\\Hub\\Editor\\2022.3.0f1\\Editor\\Data\\NetStandard\\compat\\2.1.0\\shims\\netstandard\\System.Resources.Writer.dll","C:\\Program Files\\Unity\\Hub\\Editor\\2022.3.0f1\\Editor\\Data\\NetStandard\\compat\\2.1.0\\shims\\netstandard\\System.Runtime.CompilerServices.VisualC.dll","C:\\Program Files\\Unity\\Hub\\Editor\\2022.3.0f1\\Editor\\Data\\NetStandard\\compat\\2.1.0\\shims\\netstandard\\System.Runtime.dll","C:\\Program Files\\Unity\\Hub\\Editor\\2022.3.0f1\\Editor\\Data\\NetStandard\\compat\\2.1.0\\shims\\netstandard\\System.Runtime.Extensions.dll","C:\\Program Files\\Unity\\Hub\\Editor\\2022.3.0f1\\Editor\\Data\\NetStandard\\compat\\2.1.0\\shims\\netstandard\\System.Runtime.Handles.dll","C:\\Program Files\\Unity\\Hub\\Editor\\2022.3.0f1\\Editor\\Data\\NetStandard\\compat\\2.1.0\\shims\\netstandard\\System.Runtime.InteropServices.dll","C:\\Program Files\\Unity\\Hub\\Editor\\2022.3.0f1\\Editor\\Data\\NetStandard\\compat\\2.1.0\\shims\\netstandard\\System.Runtime.InteropServices.RuntimeInformation.dll","C:\\Program Files\\Unity\\Hub\\Editor\\2022.3.0f1\\Editor\\Data\\NetStandard\\compat\\2.1.0\\shims\\netstandard\\System.Runtime.Numerics.dll","C:\\Program Files\\Unity\\Hub\\Editor\\2022.3.0f1\\Editor\\Data\\NetStandard\\compat\\2.1.0\\shims\\netstandard\\System.Runtime.Serialization.Formatters.dll","C:\\Program Files\\Unity\\Hub\\Editor\\2022.3.0f1\\Editor\\Data\\NetStandard\\compat\\2.1.0\\shims\\netstandard\\System.Runtime.Serialization.Json.dll","C:\\Program Files\\Unity\\Hub\\Editor\\2022.3.0f1\\Editor\\Data\\NetStandard\\compat\\2.1.0\\shims\\netstandard\\System.Runtime.Serialization.Primitives.dll","C:\\Program Files\\Unity\\Hub\\Editor\\2022.3.0f1\\Editor\\Data\\NetStandard\\compat\\2.1.0\\shims\\netstandard\\System.Runtime.Serialization.Xml.dll","C:\\Program Files\\Unity\\Hub\\Editor\\2022.3.0f1\\Editor\\Data\\NetStandard\\compat\\2.1.0\\shims\\netstandard\\System.Security.Claims.dll","C:\\Program Files\\Unity\\Hub\\Editor\\2022.3.0f1\\Editor\\Data\\NetStandard\\compat\\2.1.0\\shims\\netstandard\\System.Security.Cryptography.Algorithms.dll","C:\\Program Files\\Unity\\Hub\\Editor\\2022.3.0f1\\Editor\\Data\\NetStandard\\compat\\2.1.0\\shims\\netstandard\\System.Security.Cryptography.Csp.dll","C:\\Program Files\\Unity\\Hub\\Editor\\2022.3.0f1\\Editor\\Data\\NetStandard\\compat\\2.1.0\\shims\\netstandard\\System.Security.Cryptography.Encoding.dll","C:\\Program Files\\Unity\\Hub\\Editor\\2022.3.0f1\\Editor\\Data\\NetStandard\\compat\\2.1.0\\shims\\netstandard\\System.Security.Cryptography.Primitives.dll","C:\\Program Files\\Unity\\Hub\\Editor\\2022.3.0f1\\Editor\\Data\\NetStandard\\compat\\2.1.0\\shims\\netstandard\\System.Security.Cryptography.X509Certificates.dll","C:\\Program Files\\Unity\\Hub\\Editor\\2022.3.0f1\\Editor\\Data\\NetStandard\\compat\\2.1.0\\shims\\netstandard\\System.Security.Principal.dll","C:\\Program Files\\Unity\\Hub\\Editor\\2022.3.0f1\\Editor\\Data\\NetStandard\\compat\\2.1.0\\shims\\netstandard\\System.Security.SecureString.dll","C:\\Program Files\\Unity\\Hub\\Editor\\2022.3.0f1\\Editor\\Data\\NetStandard\\compat\\2.1.0\\shims\\netstandard\\System.Text.Encoding.dll","C:\\Program Files\\Unity\\Hub\\Editor\\2022.3.0f1\\Editor\\Data\\NetStandard\\compat\\2.1.0\\shims\\netstandard\\System.Text.Encoding.Extensions.dll","C:\\Program Files\\Unity\\Hub\\Editor\\2022.3.0f1\\Editor\\Data\\NetStandard\\compat\\2.1.0\\shims\\netstandard\\System.Text.RegularExpressions.dll","C:\\Program Files\\Unity\\Hub\\Editor\\2022.3.0f1\\Editor\\Data\\NetStandard\\compat\\2.1.0\\shims\\netstandard\\System.Threading.dll","C:\\Program Files\\Unity\\Hub\\Editor\\2022.3.0f1\\Editor\\Data\\NetStandard\\compat\\2.1.0\\shims\\netstandard\\System.Threading.Overlapped.dll","C:\\Program Files\\Unity\\Hub\\Editor\\2022.3.0f1\\Editor\\Data\\NetStandard\\compat\\2.1.0\\shims\\netstandard\\System.Threading.Tasks.dll","C:\\Program Files\\Unity\\Hub\\Editor\\2022.3.0f1\\Editor\\Data\\NetStandard\\compat\\2.1.0\\shims\\netstandard\\System.Threading.Tasks.Extensions.dll","C:\\Program Files\\Unity\\Hub\\Editor\\2022.3.0f1\\Editor\\Data\\NetStandard\\compat\\2.1.0\\shims\\netstandard\\System.Threading.Tasks.Parallel.dll","C:\\Program Files\\Unity\\Hub\\Editor\\2022.3.0f1\\Editor\\Data\\NetStandard\\compat\\2.1.0\\shims\\netstandard\\System.Threading.Thread.dll","C:\\Program Files\\Unity\\Hub\\Editor\\2022.3.0f1\\Editor\\Data\\NetStandard\\compat\\2.1.0\\shims\\netstandard\\System.Threading.ThreadPool.dll","C:\\Program Files\\Unity\\Hub\\Editor\\2022.3.0f1\\Editor\\Data\\NetStandard\\compat\\2.1.0\\shims\\netstandard\\System.Threading.Timer.dll","C:\\Program Files\\Unity\\Hub\\Editor\\2022.3.0f1\\Editor\\Data\\NetStandard\\compat\\2.1.0\\shims\\netstandard\\System.ValueTuple.dll","C:\\Program Files\\Unity\\Hub\\Editor\\2022.3.0f1\\Editor\\Data\\NetStandard\\compat\\2.1.0\\shims\\netstandard\\System.Xml.ReaderWriter.dll","C:\\Program Files\\Unity\\Hub\\Editor\\2022.3.0f1\\Editor\\Data\\NetStandard\\compat\\2.1.0\\shims\\netstandard\\System.Xml.XDocument.dll","C:\\Program Files\\Unity\\Hub\\Editor\\2022.3.0f1\\Editor\\Data\\NetStandard\\compat\\2.1.0\\shims\\netstandard\\System.Xml.XmlDocument.dll","C:\\Program Files\\Unity\\Hub\\Editor\\2022.3.0f1\\Editor\\Data\\NetStandard\\compat\\2.1.0\\shims\\netstandard\\System.Xml.XmlSerializer.dll","C:\\Program Files\\Unity\\Hub\\Editor\\2022.3.0f1\\Editor\\Data\\NetStandard\\compat\\2.1.0\\shims\\netstandard\\System.Xml.XPath.dll","C:\\Program Files\\Unity\\Hub\\Editor\\2022.3.0f1\\Editor\\Data\\NetStandard\\compat\\2.1.0\\shims\\netstandard\\System.Xml.XPath.XDocument.dll","C:\\Program Files\\Unity\\Hub\\Editor\\2022.3.0f1\\Editor\\Data\\NetStandard\\Extensions\\2.0.0\\System.Runtime.InteropServices.WindowsRuntime.dll","C:\\Program Files\\Unity\\Hub\\Editor\\2022.3.0f1\\Editor\\Data\\NetStandard\\compat\\2.1.0\\shims\\netfx\\mscorlib.dll","C:\\Program Files\\Unity\\Hub\\Editor\\2022.3.0f1\\Editor\\Data\\NetStandard\\compat\\2.1.0\\shims\\netfx\\System.ComponentModel.Composition.dll","C:\\Program Files\\Unity\\Hub\\Editor\\2022.3.0f1\\Editor\\Data\\NetStandard\\compat\\2.1.0\\shims\\netfx\\System.Core.dll","C:\\Program Files\\Unity\\Hub\\Editor\\2022.3.0f1\\Editor\\Data\\NetStandard\\compat\\2.1.0\\shims\\netfx\\System.Data.dll","C:\\Program Files\\Unity\\Hub\\Editor\\2022.3.0f1\\Editor\\Data\\NetStandard\\compat\\2.1.0\\shims\\netfx\\System.dll","C:\\Program Files\\Unity\\Hub\\Editor\\2022.3.0f1\\Editor\\Data\\NetStandard\\compat\\2.1.0\\shims\\netfx\\System.Drawing.dll","C:\\Program Files\\Unity\\Hub\\Editor\\2022.3.0f1\\Editor\\Data\\NetStandard\\compat\\2.1.0\\shims\\netfx\\System.IO.Compression.FileSystem.dll","C:\\Program Files\\Unity\\Hub\\Editor\\2022.3.0f1\\Editor\\Data\\NetStandard\\compat\\2.1.0\\shims\\netfx\\System.Net.dll","C:\\Program Files\\Unity\\Hub\\Editor\\2022.3.0f1\\Editor\\Data\\NetStandard\\compat\\2.1.0\\shims\\netfx\\System.Numerics.dll","C:\\Program Files\\Unity\\Hub\\Editor\\2022.3.0f1\\Editor\\Data\\NetStandard\\compat\\2.1.0\\shims\\netfx\\System.Runtime.Serialization.dll","C:\\Program Files\\Unity\\Hub\\Editor\\2022.3.0f1\\Editor\\Data\\NetStandard\\compat\\2.1.0\\shims\\netfx\\System.ServiceModel.Web.dll","C:\\Program Files\\Unity\\Hub\\Editor\\2022.3.0f1\\Editor\\Data\\NetStandard\\compat\\2.1.0\\shims\\netfx\\System.Transactions.dll","C:\\Program Files\\Unity\\Hub\\Editor\\2022.3.0f1\\Editor\\Data\\NetStandard\\compat\\2.1.0\\shims\\netfx\\System.Web.dll","C:\\Program Files\\Unity\\Hub\\Editor\\2022.3.0f1\\Editor\\Data\\NetStandard\\compat\\2.1.0\\shims\\netfx\\System.Windows.dll","C:\\Program Files\\Unity\\Hub\\Editor\\2022.3.0f1\\Editor\\Data\\NetStandard\\compat\\2.1.0\\shims\\netfx\\System.Xml.dll","C:\\Program Files\\Unity\\Hub\\Editor\\2022.3.0f1\\Editor\\Data\\NetStandard\\compat\\2.1.0\\shims\\netfx\\System.Xml.Linq.dll","C:\\Program Files\\Unity\\Hub\\Editor\\2022.3.0f1\\Editor\\Data\\NetStandard\\compat\\2.1.0\\shims\\netfx\\System.Xml.Serialization.dll"],"References":[],"AllowUnsafeCode":false,"RuleSet":"","AnalyzerConfigPath":"","LanguageVersion":"9.0","UseDeterministicCompilation":true,"SuppressCompilerWarnings":false,"Analyzers":["C:/Program Files/Unity/Hub/Editor/2022.3.0f1/Editor/Data/Tools/Unity.SourceGenerators/Unity.SourceGenerators.dll","C:/Program Files/Unity/Hub/Editor/2022.3.0f1/Editor/Data/Tools/Unity.SourceGenerators/Unity.Properties.SourceGenerator.dll"],"AdditionalFiles":[],"BclDirectories":["C:\\Program Files\\Unity\\Hub\\Editor\\2022.3.0f1\\Editor\\Data\\NetStandard\\ref\\2.1.0","C:\\Program Files\\Unity\\Hub\\Editor\\2022.3.0f1\\Editor\\Data\\NetStandard\\compat\\2.1.0\\shims\\netstandard","C:\\Program Files\\Unity\\Hub\\Editor\\2022.3.0f1\\Editor\\Data\\NetStandard\\Extensions\\2.0.0","C:\\Program Files\\Unity\\Hub\\Editor\\2022.3.0f1\\Editor\\Data\\NetStandard\\compat\\2.1.0\\shims\\netfx"],"CustomCompilerOptions":["/nowarn:0169","/nowarn:0649","/nowarn:0282","/nowarn:1701","/nowarn:1702"],"DebugIndex":0,"SkipCodeGen":false,"Path":"C:\\Users\\Th30neo\\Desktop\\OlympusPokerUnity_Cannon"}],"DotnetRuntimePath":"C:/Program Files/Unity/Hub/Editor/2022.3.0f1/Editor/Data/NetCoreRuntime","DotnetRoslynPath":"C:/Program Files/Unity/Hub/Editor/2022.3.0f1/Editor/Data/DotNetSdkRoslyn","MovedFromExtractorPath":"C:/Program Files/Unity/Hub/Editor/2022.3.0f1/Editor/Data/Tools/ScriptUpdater/ApiUpdater.MovedFromExtractor.exe","OutputDirectory":"Library/ScriptAssemblies","Debug":false,"BuildTarget":"StandaloneWindows64","Localization":"en-US","BuildPlayerDataOutput":"Library/BuildPlayerData/Editor","ExtractRuntimeInitializeOnLoads":false,"EnableDiagnostics":false,"EmitInfoForScriptUpdater":true,"AssembliesToScanForTypeDB":["Library/ScriptAssemblies/Assembly-CSharp.dll"],"SearchPaths":["C:\\Program Files\\Unity\\Hub\\Editor\\2022.3.0f1\\Editor\\Data\\Managed\\UnityEngine","C:\\Program Files\\Unity\\Hub\\Editor\\2022.3.0f1\\Editor\\Data\\NetStandard\\compat\\2.1.0\\shims\\netfx","C:\\Program Files\\Unity\\Hub\\Editor\\2022.3.0f1\\Editor\\Data\\NetStandard\\compat\\2.1.0\\shims\\netstandard","C:\\Program Files\\Unity\\Hub\\Editor\\2022.3.0f1\\Editor\\Data\\NetStandard\\Extensions\\2.0.0","C:\\Program Files\\Unity\\Hub\\Editor\\2022.3.0f1\\Editor\\Data\\NetStandard\\ref\\2.1.0","Library/ScriptAssemblies"]}}