{
  "$schema": "http://json-schema.org/draft-07/schema#",
  "title": "Olympus Variant Schema v2",
  "type": "object",
  "required": [
    "variant"
  ],
  "properties": {
    "variant": {
      "type": "object",
      "required": [
        "id",
        "label",
        "deck",
        "board",
        "betting",
        "seats",
        "actions",
        "holeCards",
        "communityCards",
        "timers",
        "phases"
      ],
      "additionalProperties": false,
      "properties": {
        "id": {
          "type": "string"
        },
        "label": {
          "type": "string"
        },
        "deck": {
          "type": "string",
          "enum": [
            "Standard52",
            "Standard54Jokers",
            "ShortDeck36"
          ]
        },
        "board": {
          "type": "string",
          "enum": [
            "Community0",
            "Community3",
            "Community4",
            "Community5",
            "DoubleFlop10"
          ]
        },
        "betting": {
          "type": "string",
          "enum": [
            "NoLimit",
            "PotLimit",
            "FixedLimit"
          ]
        },
        "seats": {
          "type": "object",
          "required": [
            "min",
            "max"
          ],
          "properties": {
            "min": {
              "type": "integer",
              "minimum": 2
            },
            "max": {
              "type": "integer",
              "minimum": 2
            }
          }
        },
        "actions": {
          "type": "array",
          "items": {
            "type": "string"
          }
        },
        "holeCards": {
          "type": "integer",
          "minimum": 0
        },
        "communityCards": {
          "type": "integer",
          "minimum": 0
        },
        "timers": {
          "type": "integer",
          "minimum": 0,
          "maximum": 3
        },
        "jokersWild": {
          "type": "boolean"
        },
        "positions": {
          "type": "object",
          "additionalProperties": false,
          "properties": {
            "rotation": {
              "type": "string",
              "enum": [
                "btn-sb-bb",
                "sb-bb-btn",
                "custom"
              ]
            },
            "seatingMax": {
              "type": "integer",
              "minimum": 2
            }
          }
        },
        "phases": {
          "type": "array",
          "minItems": 1,
          "items": {
            "$ref": "#/definitions/phase"
          }
        },
        "notes": {
          "type": "string"
        }
      }
    }
  },
  "definitions": {
    "phase": {
      "type": "object",
      "required": [
        "id",
        "label",
        "kind",
        "transitions",
        "actions"
      ],
      "additionalProperties": false,
      "properties": {
        "id": {
          "type": "string"
        },
        "label": {
          "type": "string"
        },
        "kind": {
          "type": "string",
          "enum": [
            "Setup",
            "Deal",
            "Passing",
            "Reveal",
            "Betting",
            "Draw",
            "Showdown",
            "Cleanup",
            "Custom"
          ]
        },
        "actions": {
          "type": "array",
          "items": {
            "type": "string"
          }
        },
        "transitions": {
          "type": "array",
          "items": {
            "type": "string"
          }
        },
        "timers": {
          "type": "array",
          "items": {
            "type": "string",
            "enum": [
              "Turn",
              "Street",
              "Match"
            ]
          }
        },
        "boardReveal": {
          "type": "integer",
          "minimum": 0
        },
        "pass": {
          "type": "object",
          "required": [
            "direction",
            "count"
          ],
          "properties": {
            "direction": {
              "type": "string",
              "enum": [
                "Left",
                "Right",
                "Across"
              ]
            },
            "count": {
              "type": "integer",
              "minimum": 1
            }
          }
        },
        "deal": {
          "type": "object",
          "properties": {
            "holePerPlayer": {
              "type": "integer",
              "minimum": 0
            },
            "burn": {
              "type": "integer",
              "minimum": 0
            }
          }
        }
      }
    }
  }
}