{
  "variant": {
    "id": "Anaconda",
    "label": "Anaconda (v2)",
    "deck": "Standard52",
    "board": "Community0",
    "betting": "PotLimit",
    "seats": {
      "min": 3,
      "max": 8
    },
    "actions": [
      "bet",
      "call",
      "fold",
      "raise",
      "raise_x2",
      "raise_x3",
      "pass"
    ],
    "holeCards": 7,
    "communityCards": 0,
    "timers": 3,
    "phases": [
      {
        "id": "setup",
        "label": "Setup",
        "kind": "Setup",
        "actions": [],
        "transitions": [
          "deal_hole"
        ]
      },
      {
        "id": "deal_hole",
        "label": "Deal 7",
        "kind": "Deal",
        "deal": {
          "holePerPlayer": 7,
          "burn": 0
        },
        "actions": [],
        "transitions": [
          "pass_left_3"
        ]
      },
      {
        "id": "pass_left_3",
        "label": "Pass Left 3",
        "kind": "Passing",
        "pass": {
          "direction": "Left",
          "count": 3
        },
        "actions": [
          "pass"
        ],
        "timers": [
          "Turn"
        ],
        "transitions": [
          "pass_right_2"
        ]
      },
      {
        "id": "pass_right_2",
        "label": "Pass Right 2",
        "kind": "Passing",
        "pass": {
          "direction": "Right",
          "count": 2
        },
        "actions": [
          "pass"
        ],
        "timers": [
          "Turn"
        ],
        "transitions": [
          "pass_left_1"
        ]
      },
      {
        "id": "pass_left_1",
        "label": "Pass Left 1",
        "kind": "Passing",
        "pass": {
          "direction": "Left",
          "count": 1
        },
        "actions": [
          "pass"
        ],
        "timers": [
          "Turn"
        ],
        "transitions": [
          "bet_round_1"
        ]
      },
      {
        "id": "bet_round_1",
        "label": "Betting Round",
        "kind": "Betting",
        "actions": [
          "bet",
          "call",
          "fold",
          "raise",
          "raise_x2",
          "raise_x3",
          "allin"
        ],
        "timers": [
          "Turn",
          "Street"
        ],
        "transitions": [
          "showdown"
        ]
      },
      {
        "id": "showdown",
        "label": "Showdown",
        "kind": "Showdown",
        "actions": [],
        "transitions": [
          "cleanup"
        ]
      },
      {
        "id": "cleanup",
        "label": "Cleanup",
        "kind": "Cleanup",
        "actions": [],
        "transitions": []
      }
    ],
    "notes": "Implements classic pass-3-left, pass-2-right, pass-1-left sequence before first betting round."
  }
}