{
  "variant": {
    "id": "DoubleFlopHoldem",
    "label": "Double Flop Hold'em",
    "deck": "Standard52",
    "board": "DoubleFlop10",
    "betting": "NoLimit",
    "seats": {
      "min": 2,
      "max": 10
    },
    "actions": [
      "check",
      "bet",
      "call",
      "fold",
      "raise",
      "allin"
    ],
    "holeCards": 2,
    "communityCards": 10,
    "timers": 3,
    "phases": [
      {
        "id": "setup",
        "label": "Setup",
        "kind": "Setup",
        "actions": [],
        "transitions": [
          "deal_hole"
        ]
      },
      {
        "id": "deal_hole",
        "label": "Deal Hole",
        "kind": "Deal",
        "deal": {
          "holePerPlayer": 2,
          "burn": 0
        },
        "transitions": [
          "preflop_bet"
        ]
      },
      {
        "id": "preflop_bet",
        "label": "Preflop",
        "kind": "Betting",
        "actions": [
          "check",
          "bet",
          "call",
          "fold",
          "raise",
          "allin"
        ],
        "timers": [
          "Turn",
          "Street"
        ],
        "transitions": [
          "flops_reveal"
        ]
      },
      {
        "id": "flops_reveal",
        "label": "Reveal Double Flops",
        "kind": "Reveal",
        "boardReveal": 10,
        "transitions": [
          "flops_bet"
        ]
      },
      {
        "id": "flops_bet",
        "label": "Flops Betting",
        "kind": "Betting",
        "actions": [
          "check",
          "bet",
          "call",
          "fold",
          "raise",
          "allin"
        ],
        "timers": [
          "Turn",
          "Street"
        ],
        "transitions": [
          "turn_river_reveal"
        ]
      },
      {
        "id": "turn_river_reveal",
        "label": "Turn/River (per-board external control)",
        "kind": "Reveal",
        "boardReveal": 0,
        "transitions": [
          "final_bet"
        ]
      },
      {
        "id": "final_bet",
        "label": "Final Betting",
        "kind": "Betting",
        "actions": [
          "check",
          "bet",
          "call",
          "fold",
          "raise",
          "allin"
        ],
        "timers": [
          "Turn",
          "Street",
          "Match"
        ],
        "transitions": [
          "showdown"
        ]
      },
      {
        "id": "showdown",
        "label": "Showdown",
        "kind": "Showdown",
        "transitions": [
          "cleanup"
        ]
      },
      {
        "id": "cleanup",
        "label": "Cleanup",
        "kind": "Cleanup",
        "transitions": []
      }
    ],
    "notes": "Modelled with a single 10-card community surface; engine should split into Board A/B at runtime."
  }
}
